old_model,new_model,gold_std
0.010239949,0.089371947,0
0.595493993,0.192709855,1
0.974984769,0.060053771,1
0.965312599,0.954383984,1
0.166101337,0.656983096,1
0.850885931,0.769467694,1
0.607629597,0.497899341,1
0.362744038,0.37493571,1
0.688670424,0.245731145,1
0.941107681,0.232013047,1
0.385301729,0.083588801,1
0.484256325,0.806649613,0
0.536137321,0.806386368,0
0.546203147,0.472991699,0
0.112627226,0.933745389,0
0.444466131,0.882443676,0
0.62462549,0.13010337,0
